{
  "victim_acc": 0.9878,
  "surrogate_acc": 0.9805,
  "agreement": 0.9853,
  "timings": {
    "victim_prepare_s": 107.21998067060485,
    "query_phase_s": 1.9884168659336865,
    "surrogate_train_s": 17.42984053399414,
    "evaluation_s": 9.987410401925445,
    "total_runtime_s": 136.62581527791917
  }
}